,净值日期,单位净值,累计净值,日增长率,申购状态,赎回状态,分红送配
0,2018-01-12,1.0,1.0,,封闭期,封闭期,nan
1,2018-01-19,1.0,1.0,,封闭期,封闭期,nan
2,2018-01-26,1.002,1.002,,封闭期,封闭期,nan
3,2018-02-02,1.0003,1.0003,,封闭期,封闭期,nan
4,2018-02-09,0.9906,0.9906,,封闭期,封闭期,nan
5,2018-02-14,1.0036,1.0036,,封闭期,封闭期,nan
6,2018-02-23,1.0075,1.0075,,封闭期,封闭期,nan
7,2018-03-02,1.0132,1.0132,,封闭期,封闭期,nan
8,2018-03-05,1.0129,1.0129,-0.03,开放申购,开放赎回,nan
9,2018-03-06,1.014,1.014,0.11,开放申购,开放赎回,nan
10,2018-03-07,1.0128,1.0128,-0.12,开放申购,开放赎回,nan
11,2018-03-08,1.0133,1.0133,0.05,开放申购,开放赎回,nan
12,2018-03-09,1.0204,1.0204,0.7,开放申购,开放赎回,nan
13,2018-03-12,1.025,1.025,0.45,开放申购,开放赎回,nan
14,2018-03-13,1.0239,1.0239,-0.11,开放申购,开放赎回,nan
15,2018-03-14,1.0182,1.0182,-0.56,开放申购,开放赎回,nan
16,2018-03-15,1.017,1.017,-0.12,开放申购,开放赎回,nan
17,2018-03-16,1.0137,1.0137,-0.32,开放申购,开放赎回,nan
18,2018-03-19,1.0201,1.0201,0.63,开放申购,开放赎回,nan
19,2018-03-20,1.0192,1.0192,-0.09,开放申购,开放赎回,nan
20,2018-03-21,1.0147,1.0147,-0.44,开放申购,开放赎回,nan
21,2018-03-22,1.0131,1.0131,-0.16,开放申购,开放赎回,nan
22,2018-03-23,1.0063,1.0063,-0.67,开放申购,开放赎回,nan
23,2018-03-26,1.0289,1.0289,2.25,开放申购,开放赎回,nan
24,2018-03-27,1.0471,1.0471,1.77,开放申购,开放赎回,nan
25,2018-03-28,1.0419,1.0419,-0.5,开放申购,开放赎回,nan
26,2018-03-29,1.0475,1.0475,0.54,开放申购,开放赎回,nan
27,2018-03-30,1.0624,1.0624,1.42,开放申购,开放赎回,nan
28,2018-04-02,1.0642,1.0642,0.17,开放申购,开放赎回,nan
29,2018-04-03,1.0573,1.0573,-0.65,开放申购,开放赎回,nan
30,2018-04-04,1.0494,1.0494,-0.75,开放申购,开放赎回,nan
31,2018-04-09,1.0533,1.0533,0.37,开放申购,开放赎回,nan
32,2018-04-10,1.0551,1.0551,0.17,开放申购,开放赎回,nan
33,2018-04-11,1.0598,1.0598,0.45,开放申购,开放赎回,nan
34,2018-04-12,1.0565,1.0565,-0.31,开放申购,开放赎回,nan
35,2018-04-13,1.056,1.056,-0.05,开放申购,开放赎回,nan
36,2018-04-16,1.0602,1.0602,0.4,开放申购,开放赎回,nan
37,2018-04-17,1.0413,1.0413,-1.78,开放申购,开放赎回,nan
38,2018-04-18,1.0543,1.0543,1.25,开放申购,开放赎回,nan
39,2018-04-19,1.057,1.057,0.26,开放申购,开放赎回,nan
40,2018-04-20,1.0428,1.0428,-1.34,开放申购,开放赎回,nan
41,2018-04-23,1.0326,1.0326,-0.98,开放申购,开放赎回,nan
42,2018-04-24,1.0533,1.0533,2.0,开放申购,开放赎回,nan
43,2018-04-25,1.0611,1.0611,0.74,开放申购,开放赎回,nan
44,2018-04-26,1.0468,1.0468,-1.35,开放申购,开放赎回,nan
45,2018-04-27,1.0533,1.0533,0.62,开放申购,开放赎回,nan
46,2018-05-02,1.0512,1.0512,-0.2,开放申购,开放赎回,nan
47,2018-05-03,1.0578,1.0578,0.63,开放申购,开放赎回,nan
48,2018-05-04,1.0656,1.0656,0.74,开放申购,开放赎回,nan
49,2018-05-07,1.0943,1.0943,2.69,开放申购,开放赎回,nan
50,2018-05-08,1.0937,1.0937,-0.05,开放申购,开放赎回,nan
51,2018-05-09,1.0922,1.0922,-0.14,开放申购,开放赎回,nan
52,2018-05-10,1.0958,1.0958,0.33,开放申购,开放赎回,nan
53,2018-05-11,1.0809,1.0809,-1.36,开放申购,开放赎回,nan
54,2018-05-14,1.0814,1.0814,0.05,开放申购,开放赎回,nan
55,2018-05-15,1.1007,1.1007,1.78,开放申购,开放赎回,nan
56,2018-05-16,1.0944,1.0944,-0.57,开放申购,开放赎回,nan
57,2018-05-17,1.0875,1.0875,-0.63,开放申购,开放赎回,nan
58,2018-05-18,1.0939,1.0939,0.59,开放申购,开放赎回,nan
59,2018-05-21,1.1081,1.1081,1.3,开放申购,开放赎回,nan
60,2018-05-22,1.1108,1.1108,0.24,开放申购,开放赎回,nan
61,2018-05-23,1.1053,1.1053,-0.5,开放申购,开放赎回,nan
62,2018-05-24,1.0989,1.0989,-0.58,开放申购,开放赎回,nan
63,2018-05-25,1.0989,1.0989,0.0,开放申购,开放赎回,nan
64,2018-05-28,1.1007,1.1007,0.16,开放申购,开放赎回,nan
65,2018-05-29,1.0916,1.0916,-0.83,开放申购,开放赎回,nan
66,2018-05-30,1.0815,1.0815,-0.93,开放申购,开放赎回,nan
67,2018-05-31,1.0962,1.0962,1.36,开放申购,开放赎回,nan
68,2018-06-01,1.0719,1.0719,-2.22,开放申购,开放赎回,nan
69,2018-06-04,1.072,1.072,0.01,开放申购,开放赎回,nan
70,2018-06-05,1.0945,1.0945,2.1,开放申购,开放赎回,nan
71,2018-06-06,1.1068,1.1068,1.12,开放申购,开放赎回,nan
72,2018-06-07,1.1007,1.1007,-0.55,开放申购,开放赎回,nan
73,2018-06-08,1.1013,1.1013,0.05,开放申购,开放赎回,nan
74,2018-06-11,1.0908,1.0908,-0.95,开放申购,开放赎回,nan
75,2018-06-12,1.1037,1.1037,1.18,开放申购,开放赎回,nan
76,2018-06-13,1.0928,1.0928,-0.99,开放申购,开放赎回,nan
77,2018-06-14,1.0848,1.0848,-0.73,开放申购,开放赎回,nan
78,2018-06-15,1.0691,1.0691,-1.45,开放申购,开放赎回,nan
79,2018-06-19,1.0255,1.0255,-4.08,开放申购,开放赎回,nan
80,2018-06-20,1.0522,1.0522,2.6,开放申购,开放赎回,nan
81,2018-06-21,1.0377,1.0377,-1.38,开放申购,开放赎回,nan
82,2018-06-22,1.0631,1.0631,2.45,开放申购,开放赎回,nan
83,2018-06-25,1.0571,1.0571,-0.56,开放申购,开放赎回,nan
84,2018-06-26,1.0752,1.0752,1.71,开放申购,开放赎回,nan
85,2018-06-27,1.0632,1.0632,-1.12,开放申购,开放赎回,nan
86,2018-06-28,1.046,1.046,-1.62,开放申购,开放赎回,nan
87,2018-06-29,1.0913,1.0913,4.33,开放申购,开放赎回,nan
88,2018-06-30,1.0913,1.0913,,开放申购,开放赎回,nan
89,2018-07-02,1.0916,1.0916,0.03,开放申购,开放赎回,nan
90,2018-07-03,1.1028,1.1028,1.03,开放申购,开放赎回,nan
91,2018-07-04,1.0828,1.0828,-1.81,开放申购,开放赎回,nan
92,2018-07-05,1.0674,1.0674,-1.42,开放申购,开放赎回,nan
93,2018-07-06,1.0596,1.0596,-0.73,开放申购,开放赎回,nan
94,2018-07-09,1.0844,1.0844,2.34,开放申购,开放赎回,nan
95,2018-07-10,1.0993,1.0993,1.37,开放申购,开放赎回,nan
96,2018-07-11,1.0892,1.0892,-0.92,开放申购,开放赎回,nan
97,2018-07-12,1.1155,1.1155,2.41,限制大额申购,开放赎回,nan
98,2018-07-13,1.1165,1.1165,0.09,限制大额申购,开放赎回,nan
99,2018-07-16,1.1262,1.1262,0.87,限制大额申购,开放赎回,nan
100,2018-07-17,1.1242,1.1242,-0.18,限制大额申购,开放赎回,nan
101,2018-07-18,1.1132,1.1132,-0.98,限制大额申购,开放赎回,nan
102,2018-07-19,1.107,1.107,-0.56,限制大额申购,开放赎回,nan
103,2018-07-20,1.1196,1.1196,1.14,限制大额申购,开放赎回,nan
104,2018-07-23,1.1135,1.1135,-0.54,限制大额申购,开放赎回,nan
105,2018-07-24,1.1186,1.1186,0.46,限制大额申购,开放赎回,nan
106,2018-07-25,1.1238,1.1238,0.46,限制大额申购,开放赎回,nan
107,2018-07-26,1.1101,1.1101,-1.22,限制大额申购,开放赎回,nan
108,2018-07-27,1.1018,1.1018,-0.75,限制大额申购,开放赎回,nan
109,2018-07-30,1.0794,1.0794,-2.03,限制大额申购,开放赎回,nan
110,2018-07-31,1.0792,1.0792,-0.02,限制大额申购,开放赎回,nan
111,2018-08-01,1.0607,1.0607,-1.71,限制大额申购,开放赎回,nan
112,2018-08-02,1.0485,1.0485,-1.15,限制大额申购,开放赎回,nan
113,2018-08-03,1.0223,1.0223,-2.5,限制大额申购,开放赎回,nan
114,2018-08-06,1.003,1.003,-1.89,限制大额申购,开放赎回,nan
115,2018-08-07,1.0268,1.0268,2.37,限制大额申购,开放赎回,nan
116,2018-08-08,1.0079,1.0079,-1.84,限制大额申购,开放赎回,nan
117,2018-08-09,1.0402,1.0402,3.2,限制大额申购,开放赎回,nan
118,2018-08-10,1.05,1.05,0.94,限制大额申购,开放赎回,nan
119,2018-08-13,1.0611,1.0611,1.06,限制大额申购,开放赎回,nan
120,2018-08-14,1.0573,1.0573,-0.36,限制大额申购,开放赎回,nan
121,2018-08-15,1.0347,1.0347,-2.14,限制大额申购,开放赎回,nan
122,2018-08-16,1.039,1.039,0.42,限制大额申购,开放赎回,nan
123,2018-08-17,1.0152,1.0152,-2.29,限制大额申购,开放赎回,nan
124,2018-08-20,1.0198,1.0198,0.45,限制大额申购,开放赎回,nan
125,2018-08-21,1.0448,1.0448,2.45,限制大额申购,开放赎回,nan
126,2018-08-22,1.0413,1.0413,-0.34,限制大额申购,开放赎回,nan
127,2018-08-23,1.0565,1.0565,1.46,限制大额申购,开放赎回,nan
128,2018-08-24,1.0594,1.0594,0.27,限制大额申购,开放赎回,nan
129,2018-08-27,1.0824,1.0824,2.17,限制大额申购,开放赎回,nan
130,2018-08-28,1.0873,1.0873,0.45,限制大额申购,开放赎回,nan
131,2018-08-29,1.086,1.086,-0.12,限制大额申购,开放赎回,nan
132,2018-08-30,1.0705,1.0705,-1.43,限制大额申购,开放赎回,nan
133,2018-08-31,1.0629,1.0629,-0.71,限制大额申购,开放赎回,nan
134,2018-09-03,1.0697,1.0697,0.64,限制大额申购,开放赎回,nan
135,2018-09-04,1.0949,1.0949,2.36,限制大额申购,开放赎回,nan
136,2018-09-05,1.0803,1.0803,-1.33,限制大额申购,开放赎回,nan
137,2018-09-06,1.0706,1.0706,-0.9,限制大额申购,开放赎回,nan
138,2018-09-07,1.0657,1.0657,-0.46,限制大额申购,开放赎回,nan
139,2018-09-10,1.0434,1.0434,-2.09,限制大额申购,开放赎回,nan
140,2018-09-11,1.051,1.051,0.73,限制大额申购,开放赎回,nan
141,2018-09-12,1.0385,1.0385,-1.19,限制大额申购,开放赎回,nan
142,2018-09-13,1.038,1.038,-0.05,限制大额申购,开放赎回,nan
143,2018-09-14,1.0146,1.0146,-2.25,限制大额申购,开放赎回,nan
144,2018-09-17,1.003,1.003,-1.14,限制大额申购,开放赎回,nan
145,2018-09-18,1.0245,1.0245,2.14,限制大额申购,开放赎回,nan
146,2018-09-19,1.0357,1.0357,1.09,限制大额申购,开放赎回,nan
147,2018-09-20,1.0282,1.0282,-0.72,限制大额申购,开放赎回,nan
148,2018-09-21,1.0469,1.0469,1.82,开放申购,开放赎回,nan
149,2018-09-25,1.0472,1.0472,0.03,开放申购,开放赎回,nan
150,2018-09-26,1.0563,1.0563,0.87,开放申购,开放赎回,nan
151,2018-09-27,1.0495,1.0495,-0.64,开放申购,开放赎回,nan
152,2018-09-28,1.0556,1.0556,0.58,开放申购,开放赎回,nan
153,2018-10-08,1.0261,1.0261,-2.79,开放申购,开放赎回,nan
154,2018-10-09,1.0181,1.0181,-0.78,开放申购,开放赎回,nan
155,2018-10-10,1.0109,1.0109,-0.71,开放申购,开放赎回,nan
156,2018-10-11,0.9681,0.9681,-4.23,开放申购,开放赎回,nan
157,2018-10-12,0.9772,0.9772,0.94,限制大额申购,开放赎回,nan
158,2018-10-15,0.9675,0.9675,-0.99,限制大额申购,开放赎回,nan
159,2018-10-16,0.9437,0.9437,-2.46,限制大额申购,开放赎回,nan
160,2018-10-17,0.9534,0.9534,1.03,限制大额申购,开放赎回,nan
161,2018-10-18,0.9279,0.9279,-2.67,限制大额申购,开放赎回,nan
162,2018-10-19,0.9643,0.9643,3.92,限制大额申购,开放赎回,nan
163,2018-10-22,1.0031,1.0031,4.02,限制大额申购,开放赎回,nan
164,2018-10-23,0.9847,0.9847,-1.83,限制大额申购,开放赎回,nan
165,2018-10-24,0.9718,0.9718,-1.31,限制大额申购,开放赎回,nan
166,2018-10-25,0.9686,0.9686,-0.33,限制大额申购,开放赎回,nan
167,2018-10-26,0.9582,0.9582,-1.07,限制大额申购,开放赎回,nan
168,2018-10-29,0.9471,0.9471,-1.16,限制大额申购,开放赎回,nan
169,2018-10-30,0.9576,0.9576,1.11,限制大额申购,开放赎回,nan
170,2018-10-31,0.9716,0.9716,1.46,限制大额申购,开放赎回,nan
171,2018-11-01,0.98,0.98,0.86,限制大额申购,开放赎回,nan
172,2018-11-02,1.0105,1.0105,3.11,限制大额申购,开放赎回,nan
173,2018-11-05,1.0068,1.0068,-0.37,限制大额申购,开放赎回,nan
174,2018-11-06,1.0047,1.0047,-0.21,限制大额申购,开放赎回,nan
175,2018-11-07,1.0046,1.0046,-0.01,限制大额申购,开放赎回,nan
176,2018-11-08,0.9948,0.9948,-0.98,限制大额申购,开放赎回,nan
177,2018-11-09,0.9941,0.9941,-0.07,限制大额申购,开放赎回,nan
178,2018-11-12,1.0157,1.0157,2.17,限制大额申购,开放赎回,nan
179,2018-11-13,1.0266,1.0266,1.07,限制大额申购,开放赎回,nan
180,2018-11-14,1.0261,1.0261,-0.05,限制大额申购,开放赎回,nan
181,2018-11-15,1.0345,1.0345,0.82,限制大额申购,开放赎回,nan
182,2018-11-16,1.0334,1.0334,-0.11,限制大额申购,开放赎回,nan
183,2018-11-19,1.0316,1.0316,-0.17,限制大额申购,开放赎回,nan
184,2018-11-20,1.0162,1.0162,-1.49,限制大额申购,开放赎回,nan
185,2018-11-21,1.0205,1.0205,0.42,限制大额申购,开放赎回,nan
186,2018-11-22,1.0222,1.0222,0.17,限制大额申购,开放赎回,nan
187,2018-11-23,0.998,0.998,-2.37,限制大额申购,开放赎回,nan
188,2018-11-26,1.0013,1.0013,0.33,限制大额申购,开放赎回,nan
189,2018-11-27,1.001,1.001,-0.03,限制大额申购,开放赎回,nan
190,2018-11-28,1.0081,1.0081,0.71,限制大额申购,开放赎回,nan
191,2018-11-29,0.9951,0.9951,-1.29,限制大额申购,开放赎回,nan
192,2018-11-30,0.9995,0.9995,0.44,限制大额申购,开放赎回,nan
193,2018-12-03,1.0202,1.0202,2.07,限制大额申购,开放赎回,nan
194,2018-12-04,1.0256,1.0256,0.53,限制大额申购,开放赎回,nan
195,2018-12-05,1.0293,1.0293,0.36,限制大额申购,开放赎回,nan
196,2018-12-06,1.0106,1.0106,-1.82,限制大额申购,开放赎回,nan
197,2018-12-07,1.0079,1.0079,-0.27,限制大额申购,开放赎回,nan
198,2018-12-10,1.0016,1.0016,-0.63,限制大额申购,开放赎回,nan
199,2018-12-11,1.0113,1.0113,0.97,限制大额申购,开放赎回,nan
200,2018-12-12,1.0075,1.0075,-0.38,限制大额申购,开放赎回,nan
201,2018-12-13,1.0191,1.0191,1.15,限制大额申购,开放赎回,nan
202,2018-12-14,0.9961,0.9961,-2.26,限制大额申购,开放赎回,nan
203,2018-12-17,0.9805,0.9805,-1.57,限制大额申购,开放赎回,nan
204,2018-12-18,0.9747,0.9747,-0.59,限制大额申购,开放赎回,nan
205,2018-12-19,0.9549,0.9549,-2.03,限制大额申购,开放赎回,nan
206,2018-12-20,0.955,0.955,0.01,限制大额申购,开放赎回,nan
207,2018-12-21,0.9472,0.9472,-0.82,限制大额申购,开放赎回,nan
208,2018-12-24,0.9622,0.9622,1.58,限制大额申购,开放赎回,nan
209,2018-12-25,0.9688,0.9688,0.69,限制大额申购,开放赎回,nan
210,2018-12-26,0.9666,0.9666,-0.23,限制大额申购,开放赎回,nan
211,2018-12-27,0.9595,0.9595,-0.73,限制大额申购,开放赎回,nan
212,2018-12-28,0.9652,0.9652,0.59,限制大额申购,开放赎回,nan
213,2018-12-31,0.9651,0.9651,,限制大额申购,开放赎回,nan
214,2019-01-02,0.9498,0.9498,-1.6,限制大额申购,开放赎回,nan
215,2019-01-03,0.9444,0.9444,-0.57,限制大额申购,开放赎回,nan
216,2019-01-04,0.9644,0.9644,2.12,限制大额申购,开放赎回,nan
217,2019-01-07,0.9805,0.9805,1.67,限制大额申购,开放赎回,nan
218,2019-01-08,0.9764,0.9764,-0.42,限制大额申购,开放赎回,nan
219,2019-01-09,0.9777,0.9777,0.13,限制大额申购,开放赎回,nan
220,2019-01-10,0.9733,0.9733,-0.45,限制大额申购,开放赎回,nan
221,2019-01-11,0.9694,0.9694,-0.4,限制大额申购,开放赎回,nan
222,2019-01-14,0.9574,0.9574,-1.24,限制大额申购,开放赎回,nan
223,2019-01-15,0.9728,0.9728,1.61,限制大额申购,开放赎回,nan
224,2019-01-16,0.9853,0.9853,1.29,限制大额申购,开放赎回,nan
225,2019-01-17,0.9708,0.9708,-1.47,限制大额申购,开放赎回,nan
226,2019-01-18,0.986,0.986,1.57,限制大额申购,开放赎回,nan
227,2019-01-21,0.9952,0.9952,0.93,限制大额申购,开放赎回,nan
228,2019-01-22,0.9821,0.9821,-1.32,限制大额申购,开放赎回,nan
229,2019-01-23,0.9904,0.9904,0.85,限制大额申购,开放赎回,nan
230,2019-01-24,0.9966,0.9966,0.63,限制大额申购,开放赎回,nan
231,2019-01-25,1.001,1.001,0.44,限制大额申购,开放赎回,nan
232,2019-01-28,1.0011,1.0011,0.01,限制大额申购,开放赎回,nan
233,2019-01-29,1.0017,1.0017,0.06,限制大额申购,开放赎回,nan
234,2019-01-30,0.9947,0.9947,-0.7,限制大额申购,开放赎回,nan
235,2019-01-31,0.9878,0.9878,-0.69,限制大额申购,开放赎回,nan
236,2019-02-01,1.0178,1.0178,3.04,限制大额申购,开放赎回,nan
237,2019-02-11,1.0471,1.0471,2.88,限制大额申购,开放赎回,nan
238,2019-02-12,1.0513,1.0513,0.4,限制大额申购,开放赎回,nan
239,2019-02-13,1.0592,1.0592,0.75,限制大额申购,开放赎回,nan
240,2019-02-14,1.0643,1.0643,0.48,限制大额申购,开放赎回,nan
241,2019-02-15,1.0503,1.0503,-1.32,限制大额申购,开放赎回,nan
242,2019-02-18,1.0821,1.0821,3.03,限制大额申购,开放赎回,nan
243,2019-02-19,1.0756,1.0756,-0.6,限制大额申购,开放赎回,nan
244,2019-02-20,1.0718,1.0718,-0.35,限制大额申购,开放赎回,nan
245,2019-02-21,1.0682,1.0682,-0.34,限制大额申购,开放赎回,nan
246,2019-02-22,1.094,1.094,2.42,限制大额申购,开放赎回,nan
247,2019-02-25,1.1454,1.1454,4.7,限制大额申购,开放赎回,nan
248,2019-02-26,1.1349,1.1349,-0.92,限制大额申购,开放赎回,nan
249,2019-02-27,1.1156,1.1156,-1.7,限制大额申购,开放赎回,nan
250,2019-02-28,1.1347,1.1347,1.71,限制大额申购,开放赎回,nan
251,2019-03-01,1.1384,1.1384,0.33,限制大额申购,开放赎回,nan
252,2019-03-04,1.1617,1.1617,2.05,限制大额申购,开放赎回,nan
253,2019-03-05,1.1846,1.1846,1.97,限制大额申购,开放赎回,nan
254,2019-03-06,1.1869,1.1869,0.19,限制大额申购,开放赎回,nan
255,2019-03-07,1.1949,1.1949,0.67,限制大额申购,开放赎回,nan
256,2019-03-08,1.1789,1.1789,-1.34,限制大额申购,开放赎回,nan
257,2019-03-11,1.235,1.235,4.76,限制大额申购,开放赎回,nan
258,2019-03-12,1.2754,1.2754,3.27,限制大额申购,开放赎回,nan
259,2019-03-13,1.2406,1.2406,-2.73,限制大额申购,开放赎回,nan
260,2019-03-14,1.2281,1.2281,-1.01,限制大额申购,开放赎回,nan
261,2019-03-15,1.2365,1.2365,0.68,开放申购,开放赎回,nan
262,2019-03-18,1.266,1.266,2.39,开放申购,开放赎回,nan
263,2019-03-19,1.2666,1.2666,0.05,开放申购,开放赎回,nan
264,2019-03-20,1.2572,1.2572,-0.74,开放申购,开放赎回,nan
265,2019-03-21,1.2614,1.2614,0.33,开放申购,开放赎回,nan
266,2019-03-22,1.2512,1.2512,-0.81,开放申购,开放赎回,nan
267,2019-03-25,1.2438,1.2438,-0.59,限制大额申购,开放赎回,nan
268,2019-03-26,1.2251,1.2251,-1.5,限制大额申购,开放赎回,nan
269,2019-03-27,1.245,1.245,1.62,限制大额申购,开放赎回,nan
270,2019-03-28,1.2384,1.2384,-0.53,限制大额申购,开放赎回,nan
271,2019-03-29,1.2738,1.2738,2.86,限制大额申购,开放赎回,nan
272,2019-04-01,1.3206,1.3206,3.67,限制大额申购,开放赎回,nan
273,2019-04-02,1.321,1.321,0.03,限制大额申购,开放赎回,nan
274,2019-04-03,1.3309,1.3309,0.75,限制大额申购,开放赎回,nan
275,2019-04-04,1.3261,1.3261,-0.36,限制大额申购,开放赎回,nan
276,2019-04-08,1.3036,1.3036,-1.7,限制大额申购,开放赎回,nan
277,2019-04-09,1.304,1.304,0.03,限制大额申购,开放赎回,nan
278,2019-04-10,1.2971,1.2971,-0.53,限制大额申购,开放赎回,nan
279,2019-04-11,1.2746,1.2746,-1.73,限制大额申购,开放赎回,nan
280,2019-04-12,1.2749,1.2749,0.02,限制大额申购,开放赎回,nan
281,2019-04-15,1.2566,1.2566,-1.44,限制大额申购,开放赎回,nan
282,2019-04-16,1.2601,1.2601,0.28,限制大额申购,开放赎回,nan
283,2019-04-17,1.2645,1.2645,0.35,限制大额申购,开放赎回,nan
284,2019-04-18,1.2562,1.2562,-0.66,限制大额申购,开放赎回,nan
285,2019-04-19,1.2631,1.2631,0.55,限制大额申购,开放赎回,nan
286,2019-04-22,1.2484,1.2484,-1.16,限制大额申购,开放赎回,nan
287,2019-04-23,1.2399,1.2399,-0.68,限制大额申购,开放赎回,nan
288,2019-04-24,1.2527,1.2527,1.03,限制大额申购,开放赎回,nan
289,2019-04-25,1.2198,1.2198,-2.63,限制大额申购,开放赎回,nan
290,2019-04-26,1.2157,1.2157,-0.34,限制大额申购,开放赎回,nan
291,2019-04-29,1.204,1.204,-0.96,限制大额申购,开放赎回,nan
292,2019-04-30,1.203,1.203,-0.08,限制大额申购,开放赎回,nan
293,2019-05-06,1.1374,1.1374,-5.45,限制大额申购,开放赎回,nan
294,2019-05-07,1.1545,1.1545,1.5,限制大额申购,开放赎回,nan
295,2019-05-08,1.1528,1.1528,-0.15,限制大额申购,开放赎回,nan
296,2019-05-09,1.1408,1.1408,-1.04,限制大额申购,开放赎回,nan
297,2019-05-10,1.1808,1.1808,3.51,限制大额申购,开放赎回,nan
298,2019-05-13,1.1756,1.1756,-0.44,限制大额申购,开放赎回,nan
299,2019-05-14,1.1686,1.1686,-0.6,限制大额申购,开放赎回,nan
300,2019-05-15,1.1822,1.1822,1.16,限制大额申购,开放赎回,nan
301,2019-05-16,1.1821,1.1821,-0.01,限制大额申购,开放赎回,nan
302,2019-05-17,1.1504,1.1504,-2.68,限制大额申购,开放赎回,nan
303,2019-05-20,1.1488,1.1488,-0.14,限制大额申购,开放赎回,nan
304,2019-05-21,1.1626,1.1626,1.2,限制大额申购,开放赎回,nan
305,2019-05-22,1.1695,1.1695,0.59,限制大额申购,开放赎回,nan
306,2019-05-23,1.1364,1.1364,-2.83,限制大额申购,开放赎回,nan
307,2019-05-24,1.1266,1.1266,-0.86,限制大额申购,开放赎回,nan
308,2019-05-27,1.1561,1.1561,2.62,限制大额申购,开放赎回,nan
309,2019-05-28,1.155,1.155,-0.1,限制大额申购,开放赎回,nan
310,2019-05-29,1.152,1.152,-0.26,限制大额申购,开放赎回,nan
311,2019-05-30,1.1456,1.1456,-0.56,限制大额申购,开放赎回,nan
312,2019-05-31,1.1402,1.1402,-0.47,限制大额申购,开放赎回,nan
313,2019-06-03,1.1232,1.1232,-1.49,限制大额申购,开放赎回,nan
314,2019-06-04,1.1197,1.1197,-0.31,限制大额申购,开放赎回,nan
315,2019-06-05,1.1157,1.1157,-0.36,限制大额申购,开放赎回,nan
316,2019-06-06,1.1064,1.1064,-0.83,限制大额申购,开放赎回,nan
317,2019-06-10,1.1149,1.1149,0.77,限制大额申购,开放赎回,nan
318,2019-06-11,1.1567,1.1567,3.75,限制大额申购,开放赎回,nan
319,2019-06-12,1.1522,1.1522,-0.39,限制大额申购,开放赎回,nan
320,2019-06-13,1.1573,1.1573,0.44,限制大额申购,开放赎回,nan
321,2019-06-14,1.1449,1.1449,-1.07,限制大额申购,开放赎回,nan
322,2019-06-17,1.1411,1.1411,-0.33,限制大额申购,开放赎回,nan
323,2019-06-18,1.148,1.148,0.6,限制大额申购,开放赎回,nan
324,2019-06-19,1.1655,1.1655,1.52,限制大额申购,开放赎回,nan
325,2019-06-20,1.1876,1.1876,1.9,限制大额申购,开放赎回,nan
326,2019-06-21,1.2221,1.2221,2.91,限制大额申购,开放赎回,nan
327,2019-06-24,1.2225,1.2225,0.03,限制大额申购,开放赎回,nan
328,2019-06-25,1.2058,1.2058,-1.37,限制大额申购,开放赎回,nan
329,2019-06-26,1.214,1.214,0.68,限制大额申购,开放赎回,nan
330,2019-06-27,1.2234,1.2234,0.77,限制大额申购,开放赎回,nan
331,2019-06-28,1.219,1.219,-0.36,限制大额申购,开放赎回,nan
332,2019-06-30,1.2189,1.2189,,限制大额申购,开放赎回,nan
333,2019-07-01,1.2475,1.2475,2.34,限制大额申购,开放赎回,nan
334,2019-07-02,1.2509,1.2509,0.27,限制大额申购,开放赎回,nan
335,2019-07-03,1.2314,1.2314,-1.56,限制大额申购,开放赎回,nan
336,2019-07-04,1.2238,1.2238,-0.62,限制大额申购,开放赎回,nan
337,2019-07-05,1.2287,1.2287,0.4,限制大额申购,开放赎回,nan
338,2019-07-08,1.2019,1.2019,-2.18,限制大额申购,开放赎回,nan
339,2019-07-09,1.1984,1.1984,-0.29,限制大额申购,开放赎回,nan
340,2019-07-10,1.2018,1.2018,0.28,限制大额申购,开放赎回,nan
341,2019-07-11,1.2014,1.2014,-0.03,限制大额申购,开放赎回,nan
342,2019-07-12,1.1958,1.1958,-0.47,限制大额申购,开放赎回,nan
343,2019-07-15,1.2229,1.2229,2.27,限制大额申购,开放赎回,nan
344,2019-07-16,1.2173,1.2173,-0.46,限制大额申购,开放赎回,nan
345,2019-07-17,1.2188,1.2188,0.12,限制大额申购,开放赎回,nan
346,2019-07-18,1.1954,1.1954,-1.92,限制大额申购,开放赎回,nan
347,2019-07-19,1.1994,1.1994,0.33,限制大额申购,开放赎回,nan
348,2019-07-22,1.1924,1.1924,-0.58,限制大额申购,开放赎回,nan
349,2019-07-23,1.2053,1.2053,1.08,限制大额申购,开放赎回,nan
350,2019-07-24,1.2229,1.2229,1.46,限制大额申购,开放赎回,nan
351,2019-07-25,1.2274,1.2274,0.37,限制大额申购,开放赎回,nan
352,2019-07-26,1.2228,1.2228,-0.37,开放申购,开放赎回,nan
353,2019-07-29,1.2209,1.2209,-0.16,开放申购,开放赎回,nan
354,2019-07-30,1.2286,1.2286,0.63,开放申购,开放赎回,nan
355,2019-07-31,1.2248,1.2248,-0.31,开放申购,开放赎回,nan
356,2019-08-01,1.2213,1.2213,-0.29,开放申购,开放赎回,nan
357,2019-08-02,1.2166,1.2166,-0.38,开放申购,开放赎回,nan
358,2019-08-05,1.1961,1.1961,-1.69,开放申购,开放赎回,nan
359,2019-08-06,1.1879,1.1879,-0.69,开放申购,开放赎回,nan
360,2019-08-07,1.1776,1.1776,-0.87,开放申购,开放赎回,nan
361,2019-08-08,1.1863,1.1863,0.74,开放申购,开放赎回,nan
362,2019-08-09,1.1739,1.1739,-1.05,开放申购,开放赎回,nan
363,2019-08-12,1.2037,1.2037,2.54,开放申购,开放赎回,nan
364,2019-08-13,1.1929,1.1929,-0.9,开放申购,开放赎回,nan
365,2019-08-14,1.2049,1.2049,1.01,开放申购,开放赎回,nan
366,2019-08-15,1.2204,1.2204,1.29,开放申购,开放赎回,nan
367,2019-08-16,1.2228,1.2228,0.2,开放申购,开放赎回,nan
368,2019-08-19,1.2665,1.2665,3.57,开放申购,开放赎回,nan
369,2019-08-20,1.2627,1.2627,-0.3,开放申购,开放赎回,nan
370,2019-08-21,1.261,1.261,-0.13,开放申购,开放赎回,nan
371,2019-08-22,1.2642,1.2642,0.25,开放申购,开放赎回,nan
372,2019-08-23,1.2626,1.2626,-0.13,开放申购,开放赎回,nan
373,2019-08-26,1.2607,1.2607,-0.15,开放申购,开放赎回,nan
374,2019-08-27,1.2822,1.2822,1.71,开放申购,开放赎回,nan
375,2019-08-28,1.2752,1.2752,-0.55,开放申购,开放赎回,nan
376,2019-08-29,1.2825,1.2825,0.57,开放申购,开放赎回,nan
377,2019-08-30,1.2737,1.2737,-0.69,开放申购,开放赎回,nan
378,2019-09-02,1.3059,1.3059,2.53,开放申购,开放赎回,nan
379,2019-09-03,1.3149,1.3149,0.69,开放申购,开放赎回,nan
380,2019-09-04,1.3206,1.3206,0.43,开放申购,开放赎回,nan
381,2019-09-05,1.3383,1.3383,1.34,开放申购,开放赎回,nan
382,2019-09-06,1.3411,1.3411,0.21,开放申购,开放赎回,nan
383,2019-09-09,1.3665,1.3665,1.89,开放申购,开放赎回,nan
384,2019-09-10,1.3579,1.3579,-0.63,开放申购,开放赎回,nan
385,2019-09-11,1.3537,1.3537,-0.31,开放申购,开放赎回,nan
386,2019-09-12,1.3649,1.3649,0.83,限制大额申购,开放赎回,nan
387,2019-09-16,1.372,1.372,0.52,限制大额申购,开放赎回,nan
388,2019-09-17,1.3446,1.3446,-2.0,限制大额申购,开放赎回,nan
389,2019-09-18,1.3424,1.3424,-0.16,限制大额申购,开放赎回,nan
390,2019-09-19,1.3008,1.3558,1.0,限制大额申购,开放赎回,每份派现金0.0550元
391,2019-09-20,1.2974,1.3524,-0.26,限制大额申购,开放赎回,nan
392,2019-09-23,1.2887,1.3437,-0.67,限制大额申购,开放赎回,nan
393,2019-09-24,1.3046,1.3596,1.23,限制大额申购,开放赎回,nan
394,2019-09-25,1.2903,1.3453,-1.1,限制大额申购,开放赎回,nan
395,2019-09-26,1.2636,1.3186,-2.07,限制大额申购,开放赎回,nan
396,2019-09-27,1.2755,1.3305,0.94,限制大额申购,开放赎回,nan
397,2019-09-30,1.2717,1.3267,-0.3,限制大额申购,开放赎回,nan
398,2019-10-08,1.2669,1.3219,-0.38,限制大额申购,开放赎回,nan
399,2019-10-09,1.277,1.332,0.8,限制大额申购,开放赎回,nan
400,2019-10-10,1.2952,1.3502,1.43,限制大额申购,开放赎回,nan
401,2019-10-11,1.2992,1.3542,0.31,限制大额申购,开放赎回,nan
402,2019-10-14,1.3098,1.3648,0.82,限制大额申购,开放赎回,nan
403,2019-10-15,1.2935,1.3485,-1.24,限制大额申购,开放赎回,nan
404,2019-10-16,1.2998,1.3548,0.49,限制大额申购,开放赎回,nan
405,2019-10-17,1.2973,1.3523,-0.19,限制大额申购,开放赎回,nan
406,2019-10-18,1.2807,1.3357,-1.28,限制大额申购,开放赎回,nan
407,2019-10-21,1.2852,1.3402,0.35,限制大额申购,开放赎回,nan
408,2019-10-22,1.2903,1.3453,0.4,限制大额申购,开放赎回,nan
409,2019-10-23,1.2755,1.3305,-1.15,限制大额申购,开放赎回,nan
410,2019-10-24,1.2751,1.3301,-0.03,限制大额申购,开放赎回,nan
411,2019-10-25,1.2885,1.3435,1.05,限制大额申购,开放赎回,nan
412,2019-10-28,1.3162,1.3712,2.15,限制大额申购,开放赎回,nan
413,2019-10-29,1.2938,1.3488,-1.7,限制大额申购,开放赎回,nan
414,2019-10-30,1.2867,1.3417,-0.55,限制大额申购,开放赎回,nan
415,2019-10-31,1.2785,1.3335,-0.64,限制大额申购,开放赎回,nan
416,2019-11-01,1.2881,1.3431,0.75,限制大额申购,开放赎回,nan
417,2019-11-04,1.3017,1.3567,1.06,限制大额申购,开放赎回,nan
418,2019-11-05,1.3127,1.3677,0.85,限制大额申购,开放赎回,nan
419,2019-11-06,1.3011,1.3561,-0.88,限制大额申购,开放赎回,nan
420,2019-11-07,1.3107,1.3657,0.74,限制大额申购,开放赎回,nan
421,2019-11-08,1.3092,1.3642,-0.11,限制大额申购,开放赎回,nan
422,2019-11-11,1.2813,1.3363,-2.13,限制大额申购,开放赎回,nan
423,2019-11-12,1.2772,1.3322,-0.32,限制大额申购,开放赎回,nan
424,2019-11-13,1.2868,1.3418,0.75,限制大额申购,开放赎回,nan
425,2019-11-14,1.2913,1.3463,0.35,限制大额申购,开放赎回,nan
426,2019-11-15,1.283,1.338,-0.64,限制大额申购,开放赎回,nan
427,2019-11-18,1.2977,1.3527,1.15,限制大额申购,开放赎回,nan
428,2019-11-19,1.331,1.386,2.57,限制大额申购,开放赎回,nan
429,2019-11-20,1.3262,1.3812,-0.36,开放申购,开放赎回,nan
430,2019-11-21,1.3215,1.3765,-0.35,开放申购,开放赎回,nan
431,2019-11-22,1.3029,1.3579,-1.41,开放申购,开放赎回,nan
432,2019-11-25,1.2919,1.3469,-0.84,开放申购,开放赎回,nan
433,2019-11-26,1.292,1.347,0.01,开放申购,开放赎回,nan
434,2019-11-27,1.287,1.342,-0.39,开放申购,开放赎回,nan
435,2019-11-28,1.2761,1.3311,-0.85,开放申购,开放赎回,nan
436,2019-11-29,1.2774,1.3324,0.1,开放申购,开放赎回,nan
437,2019-12-02,1.291,1.346,1.06,开放申购,开放赎回,nan
438,2019-12-03,1.294,1.349,0.23,开放申购,开放赎回,nan
439,2019-12-04,1.2935,1.3485,-0.04,开放申购,开放赎回,nan
440,2019-12-05,1.3132,1.3682,1.52,开放申购,开放赎回,nan
441,2019-12-06,1.3197,1.3747,0.5,开放申购,开放赎回,nan
442,2019-12-09,1.3273,1.3823,0.58,开放申购,开放赎回,nan
443,2019-12-10,1.3358,1.3908,0.64,开放申购,开放赎回,nan
444,2019-12-11,1.338,1.393,0.16,开放申购,开放赎回,nan
445,2019-12-12,1.3373,1.3923,-0.05,开放申购,开放赎回,nan
446,2019-12-13,1.3553,1.4103,1.35,开放申购,开放赎回,nan
447,2019-12-16,1.3768,1.4318,1.59,开放申购,开放赎回,nan
448,2019-12-17,1.3891,1.4441,0.89,开放申购,开放赎回,nan
449,2019-12-18,1.3822,1.4372,-0.5,开放申购,开放赎回,nan
450,2019-12-19,1.3863,1.4413,0.3,开放申购,开放赎回,nan
451,2019-12-20,1.3786,1.4336,-0.56,开放申购,开放赎回,nan
452,2019-12-23,1.3619,1.4169,-1.21,开放申购,开放赎回,nan
453,2019-12-24,1.3734,1.4284,0.84,开放申购,开放赎回,nan
454,2019-12-25,1.3806,1.4356,0.52,开放申购,开放赎回,nan
455,2019-12-26,1.3902,1.4452,0.7,开放申购,开放赎回,nan
456,2019-12-27,1.3778,1.4328,-0.89,限制大额申购,开放赎回,nan
457,2019-12-30,1.3889,1.4439,0.81,限制大额申购,开放赎回,nan
458,2019-12-31,1.394,1.449,0.37,限制大额申购,开放赎回,nan
459,2020-01-02,1.4158,1.4708,1.56,限制大额申购,开放赎回,nan
460,2020-01-03,1.3621,1.4731,0.16,限制大额申购,开放赎回,每份派现金0.0560元
461,2020-01-06,1.3763,1.4873,1.04,限制大额申购,开放赎回,nan
462,2020-01-07,1.3894,1.5004,0.95,限制大额申购,开放赎回,nan
463,2020-01-08,1.3797,1.4907,-0.7,限制大额申购,开放赎回,nan
464,2020-01-09,1.4035,1.5145,1.73,限制大额申购,开放赎回,nan
465,2020-01-10,1.3991,1.5101,-0.31,限制大额申购,开放赎回,nan
466,2020-01-13,1.417,1.528,1.28,限制大额申购,开放赎回,nan
467,2020-01-14,1.4143,1.5253,-0.19,限制大额申购,开放赎回,nan
468,2020-01-15,1.4145,1.5255,0.01,限制大额申购,开放赎回,nan
469,2020-01-16,1.4203,1.5313,0.41,限制大额申购,开放赎回,nan
470,2020-01-17,1.4197,1.5307,-0.04,限制大额申购,开放赎回,nan
471,2020-01-20,1.4227,1.5337,0.21,限制大额申购,开放赎回,nan
472,2020-01-21,1.4167,1.5277,-0.42,限制大额申购,开放赎回,nan
473,2020-01-22,1.4357,1.5467,1.34,限制大额申购,开放赎回,nan
474,2020-01-23,1.397,1.508,-2.7,限制大额申购,开放赎回,nan
475,2020-02-03,1.3133,1.4243,-5.99,限制大额申购,开放赎回,nan
476,2020-02-04,1.3613,1.4723,3.65,限制大额申购,开放赎回,nan
477,2020-02-05,1.3738,1.4848,0.92,限制大额申购,开放赎回,nan
478,2020-02-06,1.41,1.521,2.64,限制大额申购,开放赎回,nan
479,2020-02-07,1.4194,1.5304,0.67,限制大额申购,开放赎回,nan
480,2020-02-10,1.4361,1.5471,1.18,限制大额申购,开放赎回,nan
481,2020-02-11,1.4338,1.5448,-0.16,限制大额申购,开放赎回,nan
482,2020-02-12,1.4496,1.5606,1.1,限制大额申购,开放赎回,nan
483,2020-02-13,1.4387,1.5497,-0.75,限制大额申购,开放赎回,nan
484,2020-02-14,1.4398,1.5508,0.08,限制大额申购,开放赎回,nan
485,2020-02-17,1.4685,1.5795,1.99,限制大额申购,开放赎回,nan
486,2020-02-18,1.4785,1.5895,0.68,限制大额申购,开放赎回,nan
487,2020-02-19,1.4635,1.5745,-1.01,限制大额申购,开放赎回,nan
488,2020-02-20,1.486,1.597,1.54,限制大额申购,开放赎回,nan
489,2020-02-21,1.4928,1.6038,0.46,限制大额申购,开放赎回,nan
490,2020-02-24,1.4881,1.5991,-0.31,限制大额申购,开放赎回,nan
491,2020-02-25,1.4866,1.5976,-0.1,限制大额申购,开放赎回,nan
492,2020-02-26,1.4579,1.5689,-1.93,限制大额申购,开放赎回,nan
493,2020-02-27,1.4646,1.5756,0.46,限制大额申购,开放赎回,nan
494,2020-02-28,1.4307,1.5417,-2.31,限制大额申购,开放赎回,nan
495,2020-03-02,1.4724,1.5834,2.91,限制大额申购,开放赎回,nan
496,2020-03-03,1.4851,1.5961,0.86,限制大额申购,开放赎回,nan
497,2020-03-04,1.4955,1.6065,0.7,限制大额申购,开放赎回,nan
498,2020-03-05,1.508,1.619,0.84,开放申购,开放赎回,nan
499,2020-03-06,1.4928,1.6038,-1.01,开放申购,开放赎回,nan
500,2020-03-09,1.4564,1.5674,-2.44,开放申购,开放赎回,nan
501,2020-03-10,1.4825,1.5935,1.79,限制大额申购,开放赎回,nan
502,2020-03-11,1.4605,1.5715,-1.48,限制大额申购,开放赎回,nan
503,2020-03-12,1.4434,1.5544,-1.17,限制大额申购,开放赎回,nan
504,2020-03-13,1.438,1.549,-0.37,限制大额申购,开放赎回,nan
505,2020-03-16,1.3866,1.4976,-3.57,限制大额申购,开放赎回,nan
506,2020-03-17,1.3741,1.4851,-0.9,限制大额申购,开放赎回,nan
507,2020-03-18,1.3483,1.4593,-1.88,限制大额申购,开放赎回,nan
508,2020-03-19,1.3318,1.4428,-1.22,限制大额申购,开放赎回,nan
509,2020-03-20,1.3532,1.4642,1.61,限制大额申购,开放赎回,nan
510,2020-03-23,1.2989,1.4099,-4.01,限制大额申购,开放赎回,nan
511,2020-03-24,1.3246,1.4356,1.98,限制大额申购,开放赎回,nan
512,2020-03-25,1.3578,1.4688,2.51,限制大额申购,开放赎回,nan
513,2020-03-26,1.3519,1.4629,-0.43,限制大额申购,开放赎回,nan
514,2020-03-27,1.3562,1.4672,0.32,限制大额申购,开放赎回,nan
515,2020-03-30,1.3416,1.4526,-1.08,限制大额申购,开放赎回,nan
516,2020-03-31,1.3436,1.4546,0.15,限制大额申购,开放赎回,nan
517,2020-04-01,1.3471,1.4581,0.26,限制大额申购,开放赎回,nan
518,2020-04-02,1.3608,1.4718,1.02,限制大额申购,开放赎回,nan
519,2020-04-03,1.3551,1.4661,-0.42,限制大额申购,开放赎回,nan
520,2020-04-07,1.3775,1.4885,1.65,限制大额申购,开放赎回,nan
521,2020-04-08,1.3743,1.4853,-0.23,限制大额申购,开放赎回,nan
522,2020-04-09,1.3791,1.4901,0.35,限制大额申购,开放赎回,nan
523,2020-04-10,1.3641,1.4751,-1.09,限制大额申购,开放赎回,nan
524,2020-04-13,1.3581,1.4691,-0.44,限制大额申购,开放赎回,nan
525,2020-04-14,1.3806,1.4916,1.66,限制大额申购,开放赎回,nan
526,2020-04-15,1.3697,1.4807,-0.79,限制大额申购,开放赎回,nan
527,2020-04-16,1.3764,1.4874,0.49,限制大额申购,开放赎回,nan
528,2020-04-17,1.3785,1.4895,0.15,限制大额申购,开放赎回,nan
529,2020-04-20,1.3866,1.4976,0.59,限制大额申购,开放赎回,nan
530,2020-04-21,1.3799,1.4909,-0.48,限制大额申购,开放赎回,nan
531,2020-04-22,1.3838,1.4948,0.28,限制大额申购,开放赎回,nan
532,2020-04-23,1.383,1.494,-0.06,限制大额申购,开放赎回,nan
533,2020-04-24,1.372,1.483,-0.8,限制大额申购,开放赎回,nan
534,2020-04-27,1.379,1.49,0.51,限制大额申购,开放赎回,nan
535,2020-04-28,1.3823,1.4933,0.24,限制大额申购,开放赎回,nan
536,2020-04-29,1.3955,1.5065,0.95,限制大额申购,开放赎回,nan
537,2020-04-30,1.4058,1.5168,0.74,限制大额申购,开放赎回,nan
538,2020-05-06,1.4061,1.5171,0.02,限制大额申购,开放赎回,nan
539,2020-05-07,1.4047,1.5157,-0.1,限制大额申购,开放赎回,nan
540,2020-05-08,1.4193,1.5303,1.04,限制大额申购,开放赎回,nan
541,2020-05-11,1.4158,1.5268,-0.25,限制大额申购,开放赎回,nan
542,2020-05-12,1.424,1.535,0.58,限制大额申购,开放赎回,nan
543,2020-05-13,1.4318,1.5428,0.55,限制大额申购,开放赎回,nan
544,2020-05-14,1.4214,1.5324,-0.73,限制大额申购,开放赎回,nan
545,2020-05-15,1.4149,1.5259,-0.46,限制大额申购,开放赎回,nan
546,2020-05-18,1.4225,1.5335,0.54,限制大额申购,开放赎回,nan
547,2020-05-19,1.4247,1.5357,0.15,限制大额申购,开放赎回,nan
548,2020-05-20,1.419,1.53,-0.4,限制大额申购,开放赎回,nan
549,2020-05-21,1.4138,1.5248,-0.37,限制大额申购,开放赎回,nan
550,2020-05-22,1.3961,1.5071,-1.25,限制大额申购,开放赎回,nan
551,2020-05-25,1.4026,1.5136,0.47,限制大额申购,开放赎回,nan
552,2020-05-26,1.4207,1.5317,1.29,限制大额申购,开放赎回,nan
553,2020-05-27,1.4267,1.5377,0.42,限制大额申购,开放赎回,nan
554,2020-05-28,1.4247,1.5357,-0.14,限制大额申购,开放赎回,nan
555,2020-05-29,1.4349,1.5459,0.72,限制大额申购,开放赎回,nan
556,2020-06-01,1.4645,1.5755,2.06,限制大额申购,开放赎回,nan
557,2020-06-02,1.4692,1.5802,0.32,限制大额申购,开放赎回,nan
558,2020-06-03,1.4696,1.5806,0.03,限制大额申购,开放赎回,nan
559,2020-06-04,1.4672,1.5782,-0.16,限制大额申购,开放赎回,nan
560,2020-06-05,1.4648,1.5758,-0.16,限制大额申购,开放赎回,nan
561,2020-06-08,1.4636,1.5746,-0.08,限制大额申购,开放赎回,nan
562,2020-06-09,1.4679,1.5789,0.29,限制大额申购,开放赎回,nan
563,2020-06-10,1.477,1.588,0.62,限制大额申购,开放赎回,nan
564,2020-06-11,1.4706,1.5816,-0.43,限制大额申购,开放赎回,nan
565,2020-06-12,1.4727,1.5837,0.14,限制大额申购,开放赎回,nan
566,2020-06-15,1.4714,1.5824,-0.09,限制大额申购,开放赎回,nan
567,2020-06-16,1.4887,1.5997,1.18,限制大额申购,开放赎回,nan
568,2020-06-17,1.4917,1.6027,0.2,限制大额申购,开放赎回,nan
569,2020-06-18,1.4932,1.6042,0.1,限制大额申购,开放赎回,nan
570,2020-06-19,1.51,1.621,1.13,限制大额申购,开放赎回,nan
571,2020-06-22,1.5041,1.6151,-0.39,限制大额申购,开放赎回,nan
572,2020-06-23,1.5125,1.6235,0.56,限制大额申购,开放赎回,nan
573,2020-06-24,1.5184,1.6294,0.39,限制大额申购,开放赎回,nan
574,2020-06-29,1.51,1.621,-0.55,限制大额申购,开放赎回,nan
575,2020-06-30,1.536,1.647,1.72,限制大额申购,开放赎回,nan
576,2020-07-01,1.5713,1.6823,2.3,限制大额申购,开放赎回,nan
577,2020-07-02,1.5925,1.7035,1.35,限制大额申购,开放赎回,nan
578,2020-07-03,1.5999,1.7109,0.46,限制大额申购,开放赎回,nan
579,2020-07-06,1.6767,1.7877,4.8,限制大额申购,开放赎回,nan
580,2020-07-07,1.706,1.817,1.75,限制大额申购,开放赎回,nan
581,2020-07-08,1.7222,1.8332,0.95,限制大额申购,开放赎回,nan
582,2020-07-09,1.754,1.865,1.85,限制大额申购,开放赎回,nan
583,2020-07-10,1.7295,1.8405,-1.4,限制大额申购,开放赎回,nan
584,2020-07-13,1.7639,1.8749,1.99,限制大额申购,开放赎回,nan
585,2020-07-14,1.7338,1.8448,-1.71,限制大额申购,开放赎回,nan
586,2020-07-15,1.7277,1.8387,-0.35,限制大额申购,开放赎回,nan
587,2020-07-16,1.6786,1.7896,-2.84,限制大额申购,开放赎回,nan
588,2020-07-17,1.6899,1.8009,0.67,限制大额申购,开放赎回,nan
589,2020-07-20,1.7301,1.8411,2.38,限制大额申购,开放赎回,nan
590,2020-07-21,1.7484,1.8594,1.06,限制大额申购,开放赎回,nan
591,2020-07-22,1.7589,1.8699,0.6,限制大额申购,开放赎回,nan
592,2020-07-23,1.7416,1.8526,-0.98,限制大额申购,开放赎回,nan
593,2020-07-24,1.6703,1.7813,-4.09,限制大额申购,开放赎回,nan
594,2020-07-27,1.6585,1.7695,-0.71,限制大额申购,开放赎回,nan
595,2020-07-28,1.6805,1.7915,1.33,限制大额申购,开放赎回,nan
596,2020-07-29,1.7187,1.8297,2.27,限制大额申购,开放赎回,nan
597,2020-07-30,1.7117,1.8227,-0.41,限制大额申购,开放赎回,nan
598,2020-07-31,1.7261,1.8371,0.84,限制大额申购,开放赎回,nan
599,2020-08-03,1.7601,1.8711,1.97,限制大额申购,开放赎回,nan
600,2020-08-04,1.7484,1.8594,-0.66,限制大额申购,开放赎回,nan
601,2020-08-05,1.7506,1.8616,0.13,限制大额申购,开放赎回,nan
602,2020-08-06,1.7523,1.8633,0.1,限制大额申购,开放赎回,nan
603,2020-08-07,1.7379,1.8489,-0.82,限制大额申购,开放赎回,nan
604,2020-08-10,1.7502,1.8612,0.71,限制大额申购,开放赎回,nan
605,2020-08-11,1.7308,1.8418,-1.11,限制大额申购,开放赎回,nan
606,2020-08-12,1.7193,1.8303,-0.66,限制大额申购,开放赎回,nan
607,2020-08-13,1.7221,1.8331,0.16,限制大额申购,开放赎回,nan
608,2020-08-14,1.7477,1.8587,1.49,限制大额申购,开放赎回,nan
609,2020-08-17,1.7759,1.8869,1.61,限制大额申购,开放赎回,nan
610,2020-08-18,1.7639,1.8749,-0.68,限制大额申购,开放赎回,nan
611,2020-08-19,1.7435,1.8545,-1.16,限制大额申购,开放赎回,nan
612,2020-08-20,1.7212,1.8322,-1.28,限制大额申购,开放赎回,nan
613,2020-08-21,1.7422,1.8532,1.22,限制大额申购,开放赎回,nan
614,2020-08-24,1.7573,1.8683,0.87,限制大额申购,开放赎回,nan
615,2020-08-25,1.7467,1.8577,-0.6,限制大额申购,开放赎回,nan
616,2020-08-26,1.7309,1.8419,-0.9,限制大额申购,开放赎回,nan
617,2020-08-27,1.7445,1.8555,0.79,限制大额申购,开放赎回,nan
618,2020-08-28,1.786,1.897,2.38,限制大额申购,开放赎回,nan
619,2020-08-31,1.7705,1.8815,-0.87,限制大额申购,开放赎回,nan
620,2020-09-01,1.7883,1.8993,1.01,限制大额申购,开放赎回,nan
621,2020-09-02,1.794,1.905,0.32,限制大额申购,开放赎回,nan
622,2020-09-03,1.7775,1.8885,-0.92,限制大额申购,开放赎回,nan
623,2020-09-04,1.7712,1.8822,-0.35,限制大额申购,开放赎回,nan
624,2020-09-07,1.7417,1.8527,-1.67,限制大额申购,开放赎回,nan
625,2020-09-08,1.7391,1.8501,-0.15,限制大额申购,开放赎回,nan
626,2020-09-09,1.6995,1.8105,-2.28,限制大额申购,开放赎回,nan
627,2020-09-10,1.6998,1.8108,0.02,限制大额申购,开放赎回,nan
628,2020-09-11,1.7043,1.8153,0.26,限制大额申购,开放赎回,nan
629,2020-09-14,1.7098,1.8208,0.32,限制大额申购,开放赎回,nan
630,2020-09-15,1.7226,1.8336,0.75,限制大额申购,开放赎回,nan
631,2020-09-16,1.7138,1.8248,-0.51,限制大额申购,开放赎回,nan
632,2020-09-17,1.7211,1.8321,0.43,限制大额申购,开放赎回,nan
633,2020-09-18,1.7642,1.8752,2.5,限制大额申购,开放赎回,nan
634,2020-09-21,1.7685,1.8795,0.24,限制大额申购,开放赎回,nan
635,2020-09-22,1.7512,1.8622,-0.98,限制大额申购,开放赎回,nan
636,2020-09-23,1.7488,1.8598,-0.14,限制大额申购,开放赎回,nan
637,2020-09-24,1.7103,1.8213,-2.2,限制大额申购,开放赎回,nan
638,2020-09-25,1.702,1.813,-0.49,限制大额申购,开放赎回,nan
639,2020-09-28,1.71,1.821,0.47,限制大额申购,开放赎回,nan
640,2020-09-29,1.7146,1.8256,0.27,限制大额申购,开放赎回,nan
641,2020-09-30,1.7117,1.8227,-0.17,限制大额申购,开放赎回,nan
642,2020-10-09,1.7482,1.8592,2.13,限制大额申购,开放赎回,nan
643,2020-10-12,1.7867,1.8977,2.2,限制大额申购,开放赎回,nan
644,2020-10-13,1.7951,1.9061,0.47,限制大额申购,开放赎回,nan
645,2020-10-14,1.7909,1.9019,-0.23,限制大额申购,开放赎回,nan
646,2020-10-15,1.7833,1.8943,-0.42,限制大额申购,开放赎回,nan
647,2020-10-16,1.7746,1.8856,-0.49,限制大额申购,开放赎回,nan
648,2020-10-19,1.7646,1.8756,-0.56,限制大额申购,开放赎回,nan
649,2020-10-20,1.7779,1.8889,0.75,限制大额申购,开放赎回,nan
650,2020-10-21,1.7563,1.8673,-1.21,限制大额申购,开放赎回,nan
651,2020-10-22,1.748,1.859,-0.47,限制大额申购,开放赎回,nan
652,2020-10-23,1.7306,1.8416,-1.0,限制大额申购,开放赎回,nan
653,2020-10-26,1.7372,1.8482,0.38,限制大额申购,开放赎回,nan
654,2020-10-27,1.7398,1.8508,0.15,限制大额申购,开放赎回,nan
655,2020-10-28,1.7379,1.8489,-0.11,限制大额申购,开放赎回,nan
656,2020-10-29,1.7483,1.8593,0.6,限制大额申购,开放赎回,nan
657,2020-10-30,1.7299,1.8409,-1.05,限制大额申购,开放赎回,nan
658,2020-11-02,1.7402,1.8512,0.6,限制大额申购,开放赎回,nan
659,2020-11-03,1.7581,1.8691,1.03,限制大额申购,开放赎回,nan
660,2020-11-04,1.7802,1.8912,1.26,限制大额申购,开放赎回,nan
661,2020-11-05,1.8054,1.9164,1.42,限制大额申购,开放赎回,nan
662,2020-11-06,1.7916,1.9026,-0.76,限制大额申购,开放赎回,nan
663,2020-11-09,1.8215,1.9325,1.67,限制大额申购,开放赎回,nan
664,2020-11-10,1.8066,1.9176,-0.82,限制大额申购,开放赎回,nan
665,2020-11-11,1.7851,1.8961,-1.19,限制大额申购,开放赎回,nan
666,2020-11-12,1.7864,1.8974,0.07,限制大额申购,开放赎回,nan
667,2020-11-13,1.7701,1.8811,-0.91,限制大额申购,开放赎回,nan
668,2020-11-16,1.7772,1.8882,0.4,限制大额申购,开放赎回,nan
669,2020-11-17,1.7827,1.8937,0.31,限制大额申购,开放赎回,nan
670,2020-11-18,1.79,1.901,0.41,限制大额申购,开放赎回,nan
671,2020-11-19,1.8201,1.9311,1.68,限制大额申购,开放赎回,nan
672,2020-11-20,1.8208,1.9318,0.04,限制大额申购,开放赎回,nan
673,2020-11-23,1.8243,1.9353,0.19,限制大额申购,开放赎回,nan
674,2020-11-24,1.8173,1.9283,-0.38,限制大额申购,开放赎回,nan
675,2020-11-25,1.7844,1.8954,-1.81,限制大额申购,开放赎回,nan
676,2020-11-26,1.789,1.9,0.26,限制大额申购,开放赎回,nan
677,2020-11-27,1.8081,1.9191,1.07,限制大额申购,开放赎回,nan
678,2020-11-30,1.7884,1.8994,-1.09,限制大额申购,开放赎回,nan
679,2020-12-01,1.8088,1.9198,1.14,限制大额申购,开放赎回,nan
680,2020-12-02,1.8246,1.9356,0.87,限制大额申购,开放赎回,nan
681,2020-12-03,1.8263,1.9373,0.09,限制大额申购,开放赎回,nan
682,2020-12-04,1.8283,1.9393,0.11,限制大额申购,开放赎回,nan
683,2020-12-07,1.8172,1.9282,-0.61,限制大额申购,开放赎回,nan
684,2020-12-08,1.8259,1.9369,0.48,限制大额申购,开放赎回,nan
685,2020-12-09,1.796,1.907,-1.64,限制大额申购,开放赎回,nan
686,2020-12-10,1.7909,1.9019,-0.28,限制大额申购,开放赎回,nan
687,2020-12-11,1.7692,1.8802,-1.21,限制大额申购,开放赎回,nan
688,2020-12-14,1.8016,1.9126,1.83,限制大额申购,开放赎回,nan
689,2020-12-15,1.7955,1.9065,-0.34,限制大额申购,开放赎回,nan
690,2020-12-16,1.7903,1.9013,-0.29,限制大额申购,开放赎回,nan
691,2020-12-17,1.7944,1.9054,0.23,限制大额申购,开放赎回,nan
692,2020-12-18,1.7916,1.9026,-0.16,限制大额申购,开放赎回,nan
693,2020-12-21,1.8347,1.9457,2.41,开放申购,开放赎回,nan
694,2020-12-22,1.8123,1.9233,-1.22,开放申购,开放赎回,nan
695,2020-12-23,1.8305,1.9415,1.0,开放申购,开放赎回,nan
696,2020-12-24,1.8362,1.9472,0.31,开放申购,开放赎回,nan
697,2020-12-25,1.847,1.958,0.59,开放申购,开放赎回,nan
698,2020-12-28,1.8369,1.9479,-0.55,开放申购,开放赎回,nan
699,2020-12-29,1.8307,1.9417,-0.34,开放申购,开放赎回,nan
700,2020-12-30,1.853,1.964,1.22,开放申购,开放赎回,nan
701,2020-12-31,1.8801,1.9911,1.46,开放申购,开放赎回,nan
702,2021-01-04,1.9092,2.0202,1.55,开放申购,开放赎回,nan
703,2021-01-05,1.9336,2.0446,1.28,开放申购,开放赎回,nan
704,2021-01-06,1.9253,2.0363,-0.43,开放申购,开放赎回,nan
705,2021-01-07,1.9235,2.0345,-0.09,开放申购,开放赎回,nan
706,2021-01-08,1.915,2.026,-0.44,开放申购,开放赎回,nan
707,2021-01-11,1.9119,2.0229,-0.16,开放申购,开放赎回,nan
708,2021-01-12,1.9408,2.0518,1.51,开放申购,开放赎回,nan
709,2021-01-13,1.9341,2.0451,-0.35,开放申购,开放赎回,nan
710,2021-01-14,1.9201,2.0311,-0.72,开放申购,开放赎回,nan
711,2021-01-15,1.9255,2.0365,0.28,开放申购,开放赎回,nan
712,2021-01-18,1.9714,2.0824,2.38,开放申购,开放赎回,nan
713,2021-01-19,1.9475,2.0585,-1.21,开放申购,开放赎回,nan
714,2021-01-20,1.9648,2.0758,0.89,开放申购,开放赎回,nan
715,2021-01-21,1.9773,2.0883,0.64,开放申购,开放赎回,nan
716,2021-01-22,1.9732,2.0842,-0.21,开放申购,开放赎回,nan
717,2021-01-25,1.9669,2.0779,-0.32,开放申购,开放赎回,nan
718,2021-01-26,1.9317,2.0427,-1.79,开放申购,开放赎回,nan
719,2021-01-27,1.9378,2.0488,0.32,开放申购,开放赎回,nan
720,2021-01-28,1.883,1.994,-2.83,开放申购,开放赎回,nan
721,2021-01-29,1.8649,1.9759,-0.96,开放申购,开放赎回,nan
722,2021-02-01,1.9037,2.0147,2.08,开放申购,开放赎回,nan
723,2021-02-02,1.94,2.051,1.91,开放申购,开放赎回,nan
724,2021-02-03,1.9287,2.0397,-0.58,开放申购,开放赎回,nan
725,2021-02-04,1.9045,2.0155,-1.25,开放申购,开放赎回,nan
726,2021-02-05,1.8946,2.0056,-0.52,开放申购,开放赎回,nan
727,2021-02-08,1.9277,2.0387,1.75,开放申购,开放赎回,nan
728,2021-02-09,1.9758,2.0868,2.5,开放申购,开放赎回,nan
729,2021-02-10,1.9962,2.1072,1.03,开放申购,开放赎回,nan
730,2021-02-18,1.9865,2.0975,-0.49,开放申购,开放赎回,nan
731,2021-02-19,1.9786,2.0896,-0.4,开放申购,开放赎回,nan
732,2021-02-22,1.9275,2.0385,-2.58,开放申购,开放赎回,nan
733,2021-02-23,1.9227,2.0337,-0.25,开放申购,开放赎回,nan
734,2021-02-24,1.885,1.996,-1.96,开放申购,开放赎回,nan
735,2021-02-25,1.9121,2.0231,1.44,开放申购,开放赎回,nan
736,2021-02-26,1.8744,1.9854,-1.97,开放申购,开放赎回,nan
737,2021-03-01,1.9114,2.0224,1.97,开放申购,开放赎回,nan
738,2021-03-02,1.9061,2.0171,-0.28,开放申购,开放赎回,nan
739,2021-03-03,1.9207,2.0317,0.77,开放申购,开放赎回,nan
740,2021-03-04,1.8703,1.9813,-2.62,开放申购,开放赎回,nan
741,2021-03-05,1.8691,1.9801,-0.06,开放申购,开放赎回,nan
742,2021-03-08,1.7954,1.9064,-3.94,开放申购,开放赎回,nan
743,2021-03-09,1.7437,1.8547,-2.88,开放申购,开放赎回,nan
744,2021-03-10,1.7514,1.8624,0.44,开放申购,开放赎回,nan
745,2021-03-11,1.7808,1.8918,1.68,开放申购,开放赎回,nan
746,2021-03-12,1.7849,1.8959,0.23,开放申购,开放赎回,nan
747,2021-03-15,1.7439,1.8549,-2.3,开放申购,开放赎回,nan
748,2021-03-16,1.7594,1.8704,0.89,开放申购,开放赎回,nan
749,2021-03-17,1.7777,1.8887,1.04,开放申购,开放赎回,nan
750,2021-03-18,1.8068,1.9178,1.64,开放申购,开放赎回,nan
751,2021-03-19,1.7671,1.8781,-2.2,开放申购,开放赎回,nan
752,2021-03-22,1.7834,1.8944,0.92,开放申购,开放赎回,nan
753,2021-03-23,1.7687,1.8797,-0.82,开放申购,开放赎回,nan
754,2021-03-24,1.7248,1.8358,-2.48,开放申购,开放赎回,nan
755,2021-03-25,1.7469,1.8579,1.28,开放申购,开放赎回,nan
756,2021-03-26,1.8,1.911,3.04,开放申购,开放赎回,nan
757,2021-03-29,1.8034,1.9144,0.19,开放申购,开放赎回,nan
758,2021-03-30,1.8299,1.9409,1.47,开放申购,开放赎回,nan
759,2021-03-31,1.8092,1.9202,-1.13,开放申购,开放赎回,nan
760,2021-04-01,1.833,1.944,1.32,开放申购,开放赎回,nan
761,2021-04-02,1.8436,1.9546,0.58,开放申购,开放赎回,nan
762,2021-04-06,1.8384,1.9494,-0.28,开放申购,开放赎回,nan
763,2021-04-07,1.8284,1.9394,-0.54,开放申购,开放赎回,nan
764,2021-04-08,1.8419,1.9529,0.74,开放申购,开放赎回,nan
765,2021-04-09,1.8373,1.9483,-0.25,开放申购,开放赎回,nan
766,2021-04-12,1.7745,1.8855,-3.42,开放申购,开放赎回,nan
767,2021-04-13,1.7833,1.8943,0.5,开放申购,开放赎回,nan
768,2021-04-14,1.8023,1.9133,1.07,开放申购,开放赎回,nan
769,2021-04-15,1.805,1.916,0.15,开放申购,开放赎回,nan
770,2021-04-16,1.8034,1.9144,-0.09,开放申购,开放赎回,nan
771,2021-04-19,1.8502,1.9612,2.6,开放申购,开放赎回,nan
772,2021-04-20,1.8516,1.9626,0.08,开放申购,开放赎回,nan
773,2021-04-21,1.8571,1.9681,0.3,开放申购,开放赎回,nan
774,2021-04-22,1.8695,1.9805,0.67,开放申购,开放赎回,nan
775,2021-04-23,1.871,1.982,0.08,开放申购,开放赎回,nan
776,2021-04-26,1.8631,1.9741,-0.42,开放申购,开放赎回,nan
777,2021-04-27,1.8689,1.9799,0.31,开放申购,开放赎回,nan
778,2021-04-28,1.8706,1.9816,0.09,开放申购,开放赎回,nan
779,2021-04-29,1.8626,1.9736,-0.43,开放申购,开放赎回,nan
780,2021-04-30,1.8675,1.9785,0.26,开放申购,开放赎回,nan
781,2021-05-06,1.8584,1.9694,-0.49,开放申购,开放赎回,nan
782,2021-05-07,1.827,1.938,-1.69,开放申购,开放赎回,nan
783,2021-05-10,1.8062,1.9172,-1.14,开放申购,开放赎回,nan
784,2021-05-11,1.7893,1.9003,-0.94,开放申购,开放赎回,nan
785,2021-05-12,1.7899,1.9009,0.03,开放申购,开放赎回,nan
786,2021-05-13,1.7641,1.8751,-1.44,开放申购,开放赎回,nan
787,2021-05-14,1.8012,1.9122,2.1,开放申购,开放赎回,nan
788,2021-05-17,1.8312,1.9422,1.67,开放申购,开放赎回,nan
789,2021-05-18,1.8331,1.9441,0.1,开放申购,开放赎回,nan
790,2021-05-19,1.8384,1.9494,0.29,开放申购,开放赎回,nan
791,2021-05-20,1.8401,1.9511,0.09,开放申购,开放赎回,nan
792,2021-05-21,1.8329,1.9439,-0.39,开放申购,开放赎回,nan
793,2021-05-24,1.8678,1.9788,1.9,开放申购,开放赎回,nan
794,2021-05-25,1.9087,2.0197,2.19,开放申购,开放赎回,nan
795,2021-05-26,1.9041,2.0151,-0.24,开放申购,开放赎回,nan
796,2021-05-27,1.9245,2.0355,1.07,开放申购,开放赎回,nan
797,2021-05-28,1.9178,2.0288,-0.35,开放申购,开放赎回,nan
798,2021-05-31,1.9353,2.0463,0.91,开放申购,开放赎回,nan
799,2021-06-01,1.9497,2.0607,0.74,开放申购,开放赎回,nan
800,2021-06-02,1.9362,2.0472,-0.69,开放申购,开放赎回,nan
801,2021-06-03,1.9182,2.0292,-0.93,开放申购,开放赎回,nan
802,2021-06-04,1.9295,2.0405,0.59,开放申购,开放赎回,nan
803,2021-06-07,1.9353,2.0463,0.3,开放申购,开放赎回,nan
804,2021-06-08,1.9253,2.0363,-0.52,开放申购,开放赎回,nan
805,2021-06-09,1.9335,2.0445,0.43,开放申购,开放赎回,nan
806,2021-06-10,1.9398,2.0508,0.33,开放申购,开放赎回,nan
807,2021-06-11,1.9237,2.0347,-0.83,开放申购,开放赎回,nan
808,2021-06-15,1.9096,2.0206,-0.73,开放申购,开放赎回,nan
809,2021-06-16,1.8861,1.9971,-1.23,开放申购,开放赎回,nan
810,2021-06-17,1.909,2.02,1.21,开放申购,开放赎回,nan
811,2021-06-18,1.9268,2.0378,0.93,开放申购,开放赎回,nan
812,2021-06-21,1.9445,2.0555,0.92,开放申购,开放赎回,nan
813,2021-06-22,1.9575,2.0685,0.67,开放申购,开放赎回,nan
814,2021-06-23,1.976,2.087,0.95,开放申购,开放赎回,nan
815,2021-06-24,1.9812,2.0922,0.26,开放申购,开放赎回,nan
816,2021-06-25,2.0081,2.1191,1.36,开放申购,开放赎回,nan
817,2021-06-28,2.0374,2.1484,1.46,开放申购,开放赎回,nan
818,2021-06-29,2.0178,2.1288,-0.96,开放申购,开放赎回,nan
819,2021-06-30,2.0359,2.1469,0.9,开放申购,开放赎回,nan
820,2021-07-01,2.0344,2.1454,-0.07,开放申购,开放赎回,nan
821,2021-07-02,2.0076,2.1186,-1.32,开放申购,开放赎回,nan
822,2021-07-05,2.0273,2.1383,0.98,开放申购,开放赎回,nan
823,2021-07-06,2.0277,2.1387,0.02,开放申购,开放赎回,nan
824,2021-07-07,2.0549,2.1659,1.34,开放申购,开放赎回,nan
825,2021-07-08,2.0559,2.1669,0.05,开放申购,开放赎回,nan
826,2021-07-09,2.0587,2.1697,0.14,开放申购,开放赎回,nan
827,2021-07-12,2.0983,2.2093,1.92,开放申购,开放赎回,nan
828,2021-07-13,2.0976,2.2086,-0.03,开放申购,开放赎回,nan
829,2021-07-14,2.1015,2.2125,0.19,开放申购,开放赎回,nan
830,2021-07-15,2.1084,2.2194,0.33,开放申购,开放赎回,nan
831,2021-07-16,2.1045,2.2155,-0.18,开放申购,开放赎回,nan
832,2021-07-19,2.1028,2.2138,-0.08,开放申购,开放赎回,nan
833,2021-07-20,2.1073,2.2183,0.21,开放申购,开放赎回,nan
834,2021-07-21,2.1417,2.2527,1.63,开放申购,开放赎回,nan
835,2021-07-22,2.1748,2.2858,1.55,开放申购,开放赎回,nan
836,2021-07-23,2.1474,2.2584,-1.26,开放申购,开放赎回,nan
837,2021-07-26,2.1161,2.2271,-1.46,开放申购,开放赎回,nan
838,2021-07-27,2.0792,2.1902,-1.74,开放申购,开放赎回,nan
839,2021-07-28,2.0851,2.1961,0.28,开放申购,开放赎回,nan
840,2021-07-29,2.1297,2.2407,2.14,开放申购,开放赎回,nan
841,2021-07-30,2.1297,2.2407,0.0,开放申购,开放赎回,nan
842,2021-08-02,2.1676,2.2786,1.78,开放申购,开放赎回,nan
843,2021-08-03,2.1515,2.2625,-0.74,开放申购,开放赎回,nan
844,2021-08-04,2.1844,2.2954,1.53,限制大额申购,开放赎回,nan
845,2021-08-05,2.1656,2.2766,-0.86,限制大额申购,开放赎回,nan
846,2021-08-06,2.1716,2.2826,0.28,限制大额申购,开放赎回,nan
847,2021-08-09,2.1752,2.2862,0.17,限制大额申购,开放赎回,nan
